model,threshold,pr_auc,roc_auc,accuracy,precision,recall,f1_score,sessions_targeted,percentage_targeted,training_time_seconds
Final LightGBM,0.65,0.48240769633651054,0.7801804972156762,0.8902298850574712,0.6138347884486233,0.4895554365291912,0.5446960667461264,1489,10.696839080459771,0.8263866000343114
