model,threshold,pr_auc,roc_auc,accuracy,precision,recall,f1_score,sessions_targeted,percentage_targeted,training_time_seconds,pr_auc_rank,selection_status
LightGBM,0.5,0.48771347095209727,0.7878804455022539,0.8288793103448275,0.3979135618479881,0.5823336968375137,0.47277556440903057,2684,19.2816091954023,0.6396359000355005,1,Provisional tuning candidate
XGBoost,0.5,0.48168320911200113,0.7878448274461958,0.8413793103448276,0.4229183841714757,0.559432933478735,0.48169014084507045,2426,17.428160919540232,0.8100204998627305,2,Comparison model
Random Forest,0.5,0.47297280138930026,0.7815417624075803,0.870617816091954,0.5089141004862237,0.5136314067611778,0.5112618724559023,1851,13.297413793103448,1.5378940000664443,3,Comparison model
Decision Tree,0.5,0.45169571692230126,0.7596556286634264,0.8129310344827586,0.36760660247592847,0.5828789531079608,0.45086461408688316,2908,20.89080459770115,0.6907663000747561,4,Comparison model
Extra Trees,0.5,0.44944713313345847,0.7695667193185298,0.8647988505747126,0.4878172588832487,0.5239912758996729,0.5052576235541535,1970,14.152298850574713,1.559073599986732,5,Comparison model
Logistic Regression,0.5,0.4484403633963963,0.7762732225665177,0.8107758620689656,0.36622073578595316,0.5970556161395856,0.4539800995024876,2990,21.479885057471265,0.9123192001134157,6,Comparison model
